User ID,Name,Email
,123,1@i.ua
,test,test@i.ua
,test,test@i.ua
2656,test,test1@i.ua
2470,test,test123@i.ua
2340,Test,1@i.ua
2293,Test,1@i.ua
2279,Test,1@i.ua
2273,Test,1@i.ua
2246,test,1@i.ua
2251,Test,1@i.ua
3002,test,testt@i.ua
2176,Test,1@i.ua
2102,test,1@i.ua
2102,test,1@i.ua
2056,test,test@i.ua
2044,test,1@i.ua
,qa-test,test@i.ua
,test,test@i.ua
,test,test.qa@i.ua
1782,111,12345678@ertyui.ua
1766,234567,23456@rteyrutii.ua
MTI3M191bWJyZWxsYV9zQHVrci5uZXQ=,Test,1@i.ua
1204,test,test@i.ua
2769,test,test123@i.ua
,test,test@i.ua
3081,New_agent,new@i.ua
,test,test@i.ua
,test,test@i.ua
,test,test@i.ua
2809,Elena Sokolova,test@i.ua
2808,Dan,danyaa@i.ua
2057,test,test@i.ua
2566,Test,rrr@i.ua
2395,test,test@i.ua
2173,Test,1@i.ua
2045,Test,1@i.ua
2045,Test,1@i.ua
2044,test,1@i.ua
MTM5M18xQGkudWE=,Test,1@i.ua
MTI1M18xQGkudWE=,Olga,1@i.ua
MTI1Ml8xQGkudWE=,Olga,1@i.ua
MTI1MV8xQGkudWE=,Olga,1@i.ua
MTI1MF8xQGkudWE=,Olga,1@i.ua
MTIwN18xMTExQGkudWE=,test,1@i.ua
MTIwM18xQGkudWE=,111,1111@i.ua
MTIwMl8xMjJAaS51YQ==,Test,1@i.ua
MTE3MV8xQGkudWE=,Olga,1@i.ua
MTEyN18xQGkudWE=,Olga,1@i.ua
MTEyNl8xQGkudWE=,Olga,1@i.ua
OTk5XzEyM0BpLnVh,test,123456@i.ua
ODg1XzFAaS51YQ==,Test,1@i.ua
,test_chat,1@i.ua